target_day,actual_temp_c,predicted_temp_c,raw_model_temp_c,clamped,baseline_temp_c,n_features,model_abs_err,baseline_abs_err
2026-06-24,18.10833333333333,15.933785397503575,15.933785397503575,False,18.8,8,2.1745479358297555,0.69166666666667
2026-06-25,15.858333333333334,14.946760478108045,14.946760478108045,False,18.10833333333333,8,0.9115728552252893,2.2499999999999964
2026-06-26,17.000000000000004,17.458730101135448,17.458730101135448,False,15.858333333333334,8,0.4587301011354441,1.1416666666666693
2026-06-27,19.937500000000004,17.562939078442334,17.562939078442334,False,17.000000000000004,8,2.37456092155767,2.9375
2026-06-28,20.1,18.905651094954194,18.905651094954194,False,19.937500000000004,8,1.194348905045807,0.16249999999999787
2026-06-29,19.90000000000001,17.99398951872675,17.99398951872675,False,20.1,8,1.9060104812732597,0.19999999999999218
2026-08-24,16.84583333333333,18.67106098216257,18.67106098216257,False,17.437499999999996,8,1.8252276488292374,0.591666666666665
2026-08-25,19.14166666666667,16.80805468773,16.80805468773,False,16.84583333333333,8,2.33361197893667,2.295833333333338
2026-08-26,19.14583333333333,19.773036844276636,19.773036844276636,False,19.14166666666667,8,0.627203510943307,0.004166666666659324
2026-08-27,21.429166666666664,18.510155055516677,18.510155055516677,False,19.14583333333333,8,2.919011611149987,2.283333333333335
2026-08-28,17.833333333333336,20.119569754671655,20.119569754671655,False,21.429166666666664,8,2.2862364213383195,3.595833333333328
2026-08-29,18.17083333333333,17.82071877474589,17.82071877474589,False,17.833333333333336,8,0.350114558587439,0.337499999999995
2026-08-30,18.97083333333333,19.760388345447364,19.760388345447364,False,18.17083333333333,8,0.7895550121140325,0.8000000000000007
2026-08-31,18.925,19.24815553697668,19.24815553697668,False,18.97083333333333,8,0.3231555369766781,0.04583333333333073
2026-09-01,20.7,19.870548860727254,19.870548860727254,False,18.925,8,0.829451139272745,1.7749999999999986
2026-09-02,21.5,19.88138615009951,19.88138615009951,False,20.7,8,1.6186138499004912,0.8000000000000007
2026-09-03,22.179166666666664,20.78674764011072,20.78674764011072,False,21.5,8,1.3924190265559453,0.6791666666666636
2026-09-04,20.13333333333333,21.38051306281413,21.38051306281413,False,22.179166666666664,8,1.247179729480802,2.0458333333333343
2026-09-05,19.79583333333333,19.781645174387968,19.781645174387968,False,20.13333333333333,8,0.014188158945362517,0.3374999999999986
2026-09-06,18.504166666666663,20.74561492842347,20.74561492842347,False,19.79583333333333,8,2.2414482617568083,1.2916666666666679
2026-09-07,18.78333333333333,19.409827427199097,19.409827427199097,False,18.504166666666663,8,0.6264940938657659,0.27916666666666856
2026-09-08,19.51666666666667,20.49624990843602,20.49624990843602,False,18.78333333333333,8,0.9795832417693511,0.7333333333333378
2026-09-09,20.979166666666668,20.599440610750058,20.599440610750058,False,19.51666666666667,8,0.3797260559166098,1.4624999999999986
2026-09-10,21.012500000000003,20.248098613270585,20.248098613270585,False,20.979166666666668,8,0.7644013867294177,0.03333333333333499
2026-09-11,16.98333333333333,18.43009243315828,18.43009243315828,False,21.012500000000003,8,1.4467590998249484,4.029166666666672
2026-09-12,19.27916666666667,18.230180150396865,18.230180150396865,False,16.98333333333333,8,1.048986516269803,2.295833333333338
2026-09-13,22.075000000000003,21.15876521048805,21.15876521048805,False,19.27916666666667,8,0.9162347895119538,2.7958333333333343
2026-09-14,15.845833333333331,19.750540884172665,19.750540884172665,False,22.075000000000003,8,3.9047075508393334,6.229166666666671
2026-09-15,17.729166666666668,17.594412186087382,17.594412186087382,False,15.845833333333331,8,0.13475448057928574,1.8833333333333364
2026-09-16,20.39583333333333,19.682876167943967,19.682876167943967,False,17.729166666666668,8,0.712957165389362,2.6666666666666607
2026-09-17,18.875000000000004,20.331475911628797,20.331475911628797,False,20.39583333333333,8,1.456475911628793,1.520833333333325
2026-09-18,17.329166666666666,18.845916159692827,18.845916159692827,False,18.875000000000004,8,1.5167494930261611,1.5458333333333378
2026-09-19,13.991666666666667,18.132122099160657,18.132122099160657,False,17.329166666666666,8,4.14045543249399,3.3374999999999986
2026-09-20,16.145833333333332,15.186183070129108,15.186183070129108,False,13.991666666666667,8,0.9596502632042245,2.154166666666665
2026-09-21,12.633333333333333,17.430438396003726,17.430438396003726,False,16.145833333333332,8,4.7971050626703935,3.5124999999999993
2026-09-22,12.383333333333333,13.060654731054633,13.060654731054633,False,12.633333333333333,8,0.6773213977213004,0.25
2026-09-23,14.741666666666667,13.681028475052747,13.681028475052747,False,12.383333333333333,8,1.0606381916139203,2.3583333333333343
2026-09-24,14.654166666666669,13.14149693184072,13.14149693184072,False,14.741666666666667,8,1.5126697348259484,0.08749999999999858
2026-09-25,14.320833333333333,14.085871201445288,14.085871201445288,False,14.654166666666669,8,0.23496213188804482,0.3333333333333357
2026-09-26,16.325000000000003,14.905012044035974,14.905012044035974,False,14.320833333333333,8,1.4199879559640287,2.00416666666667
2026-09-27,17.583333333333336,14.925253060521715,14.925253060521715,False,16.325000000000003,8,2.6580802728116204,1.2583333333333329
2026-09-28,17.004166666666666,14.291888130976862,14.291888130976862,False,17.583333333333336,8,2.712278535689805,0.5791666666666693
2026-09-29,17.645833333333332,16.49575401436827,16.49575401436827,False,17.004166666666666,8,1.1500793189650622,0.6416666666666657
2026-09-30,17.9,18.41697852454312,18.41697852454312,False,17.645833333333332,8,0.51697852454312,0.25416666666666643
2026-10-01,18.979166666666664,17.501010009224704,17.501010009224704,False,17.9,8,1.4781566574419607,1.0791666666666657
2026-10-02,15.395833333333334,17.480029583351953,17.480029583351953,False,18.979166666666664,8,2.0841962500186195,3.5833333333333304
2026-10-03,11.775,16.318413168843897,16.318413168843897,False,15.395833333333334,8,4.543413168843896,3.6208333333333336
2026-10-04,14.541666666666664,15.703134444581938,15.703134444581938,False,11.775,8,1.1614677779152736,2.766666666666664
2026-10-05,12.0875,16.66169069554676,16.66169069554676,False,14.541666666666664,8,4.5741906955467595,2.454166666666664
2026-10-06,9.370833333333335,11.136682710958228,11.136682710958228,False,12.0875,8,1.7658493776248925,2.716666666666665
2026-10-07,16.920833333333334,12.418845951848857,12.418845951848857,False,9.370833333333335,8,4.5019873814844775,7.549999999999999
2026-10-08,13.754166666666668,14.269772043378845,14.269772043378845,False,16.920833333333334,8,0.5156053767121769,3.166666666666666
2026-10-09,13.125000000000002,10.613780576370987,10.613780576370987,False,13.754166666666668,8,2.511219423629015,0.6291666666666664
